2026/08/09 21:44:05.384, 18015 MiB
2026/08/09 21:44:05.403, 18015 MiB
2026/08/09 21:44:06.433, 18015 MiB
2026/08/09 21:44:07.455, 18015 MiB
2026/08/09 21:44:08.486, 18570 MiB
2026/08/09 21:44:09.511, 19462 MiB
2026/08/09 21:44:10.531, 23062 MiB
2026/08/09 21:44:11.553, 23798 MiB
2026/08/09 21:44:12.572, 23798 MiB
2026/08/09 21:44:13.591, 23798 MiB
2026/08/09 21:44:14.607, 23798 MiB
2026/08/09 21:44:15.626, 23798 MiB
2026/08/09 21:44:16.645, 617 MiB
2026/08/09 21:44:17.663, 617 MiB
2026/08/09 21:44:18.681, 617 MiB
2026/08/09 21:44:19.700, 617 MiB
2026/08/09 21:44:20.720, 617 MiB
2026/08/09 21:44:21.738, 617 MiB
2026/08/09 21:44:22.757, 617 MiB
2026/08/09 21:44:23.776, 617 MiB
2026/08/09 21:44:24.794, 617 MiB
2026/08/09 21:44:25.814, 617 MiB
2026/08/09 21:44:26.832, 617 MiB
2026/08/09 21:44:27.853, 617 MiB
2026/08/09 21:44:28.874, 617 MiB
2026/08/09 21:44:29.894, 617 MiB
2026/08/09 21:44:30.921, 617 MiB
2026/08/09 21:44:31.951, 617 MiB
2026/08/09 21:44:32.982, 617 MiB
2026/08/09 21:44:34.008, 617 MiB
2026/08/09 21:44:35.040, 617 MiB
2026/08/09 21:44:36.072, 617 MiB
2026/08/09 21:44:37.100, 617 MiB
2026/08/09 21:44:38.126, 617 MiB
2026/08/09 21:44:39.158, 617 MiB
2026/08/09 21:44:40.185, 10719 MiB
2026/08/09 21:44:41.207, 16915 MiB
2026/08/09 21:44:42.227, 18015 MiB
2026/08/09 21:44:43.248, 18015 MiB
2026/08/09 21:44:44.267, 18015 MiB
2026/08/09 21:44:45.296, 18015 MiB
2026/08/09 21:44:46.315, 18015 MiB
2026/08/09 21:44:47.334, 18015 MiB
2026/08/09 21:44:48.352, 18015 MiB
2026/08/09 21:44:49.370, 18015 MiB
2026/08/09 21:44:50.389, 18015 MiB
2026/08/09 21:44:51.408, 18015 MiB
2026/08/09 21:44:52.428, 22507 MiB
2026/08/09 21:44:53.447, 23243 MiB
2026/08/09 21:44:54.467, 23243 MiB
2026/08/09 21:44:55.487, 23243 MiB
2026/08/09 21:44:56.508, 23243 MiB
2026/08/09 21:44:57.528, 23243 MiB
