2026/08/08 02:19:19.835, 59 MiB
2026/08/08 02:19:20.835, 59 MiB
2026/08/08 02:19:21.835, 59 MiB
2026/08/08 02:19:22.835, 61 MiB
2026/08/08 02:19:23.836, 617 MiB
2026/08/08 02:19:24.836, 617 MiB
2026/08/08 02:19:25.836, 617 MiB
2026/08/08 02:19:26.837, 617 MiB
2026/08/08 02:19:27.837, 617 MiB
2026/08/08 02:19:28.837, 617 MiB
2026/08/08 02:19:29.837, 617 MiB
2026/08/08 02:19:30.838, 617 MiB
2026/08/08 02:19:31.838, 617 MiB
2026/08/08 02:19:32.838, 617 MiB
2026/08/08 02:19:33.839, 617 MiB
2026/08/08 02:19:34.839, 617 MiB
2026/08/08 02:19:35.839, 617 MiB
2026/08/08 02:19:36.839, 617 MiB
2026/08/08 02:19:37.840, 617 MiB
2026/08/08 02:19:38.840, 617 MiB
2026/08/08 02:19:39.840, 617 MiB
2026/08/08 02:19:40.840, 617 MiB
2026/08/08 02:19:41.841, 617 MiB
2026/08/08 02:19:42.841, 617 MiB
2026/08/08 02:19:43.841, 617 MiB
2026/08/08 02:19:44.842, 617 MiB
2026/08/08 02:19:45.842, 617 MiB
2026/08/08 02:19:46.842, 617 MiB
2026/08/08 02:19:47.842, 617 MiB
2026/08/08 02:19:48.843, 617 MiB
2026/08/08 02:19:49.843, 617 MiB
2026/08/08 02:19:50.843, 617 MiB
2026/08/08 02:19:51.843, 617 MiB
2026/08/08 02:19:52.844, 617 MiB
2026/08/08 02:19:53.844, 617 MiB
2026/08/08 02:19:54.844, 6303 MiB
2026/08/08 02:19:55.845, 14867 MiB
2026/08/08 02:19:56.846, 17795 MiB
2026/08/08 02:19:57.846, 18015 MiB
2026/08/08 02:19:58.846, 18015 MiB
2026/08/08 02:19:59.847, 18015 MiB
2026/08/08 02:20:00.849, 18015 MiB
2026/08/08 02:20:01.849, 18015 MiB
2026/08/08 02:20:02.849, 18015 MiB
2026/08/08 02:20:03.849, 18015 MiB
2026/08/08 02:20:04.850, 18015 MiB
2026/08/08 02:20:05.850, 18015 MiB
2026/08/08 02:20:06.850, 18907 MiB
2026/08/08 02:20:07.850, 22507 MiB
2026/08/08 02:20:08.851, 23243 MiB
2026/08/08 02:20:09.851, 23243 MiB
2026/08/08 02:20:10.851, 23243 MiB
2026/08/08 02:20:11.851, 23243 MiB
2026/08/08 02:20:12.851, 23243 MiB
